Publisher,Global_Sales
Nintendo,1788.81
Electronic Arts,1116.96
Activision,731.16
Sony Computer Entertainment,606.48
Ubisoft,471.61
Take-Two Interactive,403.82
THQ,338.44
Konami Digital Entertainment,282.39
Sega,270.35
Namco Bandai Games,254.62
Microsoft Game Studios,248.32
Capcom,200.02
Atari,156.83
Warner Bros. Interactive Entertainment,151.79
Square Enix,144.35
Disney Interactive Studios,117.37
Eidos Interactive,98.65
LucasArts,85.83
Bethesda Softworks,85.05
Midway Games,69.67
Acclaim Entertainment,64.15
Vivendi Games,57.94
SquareSoft,57.65
505 Games,55.32
Tecmo Koei,53.54
Unknown,49.21
Codemasters,47.27
Virgin Interactive,43.87
Enix Corporation,33.74
Deep Silver,25.37
GT Interactive,25.23
D3Publisher,23.74
Sony Computer Entertainment Europe,23.37
Hudson Soft,22.94
MTV Games,20.72
Universal Interactive,17.77
Banpresto,17.4
Rising Star Games,16.82
Infogrames,16.34
Majesco Entertainment,15.790000000000001
Hasbro Interactive,15.22
Nippon Ichi Software,13.66
989 Studios,13.32
Zoo Digital Publishing,12.81
Atlus,12.36
Level 5,12.24
Empire Interactive,11.29
ASCII Entertainment,10.89
3DO,10.120000000000001
Crave Entertainment,9.86
RedOctane,8.68
Focus Home Interactive,8.5
TDK Mediactive,8.31
Global Star,7.65
Mindscape,7.64
Fox Interactive,7.39
Psygnosis,7.27
Activision Value,6.95
Ignition Entertainment,6.73
Interplay,6.65
SouthPeak Games,6.25
Spike,6.17
Red Orb,5.24
Parker Bros.,4.970000000000001
BAM! Entertainment,4.95
Tomy Corporation,4.95
Imagic,4.82
Arena Entertainment,4.72
Zoo Games,4.67
PQube,4.55
Koch Media,4.53
Ubisoft Annecy,4.46
City Interactive,4.45
Play It,4.3100000000000005
Destineer,4.29
Nordic Games,4.19
Palcom,4.17
Marvelous Interactive,4.05
ChunSoft,4.0
Idea Factory,3.97
Kadokawa Shoten,3.77
Game Factory,3.75
Gotham Games,3.72
Natsume,3.69
Square,3.64
Ocean,3.61
GSP,3.54
SCi,3.52
Mattel Interactive,3.5100000000000002
DTP Entertainment,3.47
Takara,3.45
Oxygen Interactive,3.43
Maxis,3.39
Titus,3.32
Valve Software,3.2
Black Bean Games,3.1
GungHo,3.1
Coleco,3.06
Human Entertainment,3.0
Mojang,2.91
Avanquest,2.87
Taito,2.84
JVC,2.8
Ghostlight,2.7800000000000002
Scholastic Inc.,2.77
Telltale Games,2.75
Sammy Corporation,2.73
Takara Tomy,2.73
Midas Interactive Entertainment,2.71
Imagineer,2.65
Alchemist,2.63
SNK,2.5900000000000003
NCSoft,2.58
Rondomedia,2.52
Compile,2.46
Kalypso Media,2.42
Red Storm Entertainment,2.32
UEP Systems,2.25
Marvelous Entertainment,2.25
Sony Online Entertainment,2.23
Enterbrain,2.23
Kemco,2.22
Video System,2.18
Mastiff,2.17
Microprose,2.02
ASC Games,2.02
RTL,1.97
Agetec,1.9400000000000002
20th Century Fox Video Games,1.9400000000000002
Jaleco,1.94
Success,1.94
Nobilis,1.91
Zushi Games,1.86
Metro 3D,1.84
Rocket Company,1.82
Little Orbit,1.76
System 3 Arcade Software,1.74
Crystal Dynamics,1.71
Hello Games,1.7
Valve,1.7
Hudson Entertainment,1.69
Accolade,1.6800000000000002
5pb,1.66
From Software,1.6300000000000001
Xplosiv,1.62
Avanquest Software,1.6199999999999999
Mastertronic,1.61
PopCap Games,1.57
LEGO Media,1.56
Touchstone,1.56
Westwood Studios,1.55
Laguna,1.55
Storm City Games,1.51
Slightly Mad Studios,1.48
Knowledge Adventure,1.46
Genki,1.46
XS Games,1.44
Tigervision,1.42
Rage Software,1.42
Arc System Works,1.41
JoWood Productions,1.41
Pinnacle,1.4
Compile Heart,1.36
FuRyu,1.36
GameMill Entertainment,1.36
NewKidCo,1.33
Aqua Plus,1.29
Sony Oznline Entertainment,1.28
Sony Computer Entertainment America,1.26
Brash Entertainment,1.23
Falcom Corporation,1.23
Russel,1.2100000000000002
Black Label Games,1.2
Milestone S.r.l.,1.2
Gathering of Developers,1.19
Playlogic Game Factory,1.19
Aruze Corp,1.1800000000000002
BMG Interactive Entertainment,1.18
Jester Interactive,1.15
Trion Worlds,1.14
Gust,1.1
Gremlin Interactive Ltd,1.1
Acquire,1.08
Epoch,1.05
Mentor Interactive,1.03
Telegames,1.02
O-Games,1.0
Square Enix ,0.99
Big Ben Interactive,0.98
Nippon Columbia,0.98
IE Institute,0.9600000000000001
SNK Playmore,0.9600000000000001
Broccoli,0.96
Sunsoft,0.9500000000000001
Jorudan,0.95
UFO Interactive,0.9400000000000001
Xseed Games,0.94
Screenlife,0.91
CTO SpA,0.9
DreamCatcher Interactive,0.9
Victor Interactive,0.89
"Destination Software, Inc",0.88
Funbox Media,0.87
Quelle,0.87
"mixi, Inc",0.87
TalonSoft,0.87
Mud Duck Productions,0.85
Harmonix Music Systems,0.85
Ackkstudios,0.8300000000000001
Conspiracy Entertainment,0.8300000000000001
NovaLogic,0.8200000000000001
Mystique,0.82
Square EA,0.8
Paradox Interactive,0.79
NEC Interchannel,0.78
Men-A-Vision,0.77
Pioneer LDC,0.74
ArtDink,0.73
Gamebridge,0.73
Nihon Falcom Corporation,0.73
Starfish,0.72
Quest,0.71
Data Age,0.71
Illusion Softworks,0.7
Astragon,0.67
Home Entertainment Suppliers,0.67
Media Rings,0.65
Wanadoo,0.65
Sting,0.64
Bigben Interactive,0.64
Elf,0.64
Prototype,0.63
Universal Gamex,0.63
Seta Corporation,0.63
Aspyr,0.62
Wizard Video Games,0.62
TDK Core,0.62
Foreign Media Games,0.6
Kadokawa Games,0.6
ESP,0.59
Mumbo Jumbo,0.5800000000000001
Nordcurrent,0.5700000000000001
Asylum Entertainment,0.57
CPG Products,0.54
AQ Interactive,0.53
BPS,0.52
Answer Software,0.5
Hect,0.5
Rebellion,0.49
Avalon Interactive,0.48000000000000004
Swing! Entertainment,0.48000000000000004
The Adventure Company,0.48000000000000004
Pack In Soft,0.48
Popcorn Arcade,0.48
Ultravision,0.47
Activision Blizzard,0.47
Irem Software Engineering,0.46
Shogakukan,0.45
Aksys Games,0.44
Idea Factory International,0.44
Angel Studios,0.43999999999999995
NEC,0.43000000000000005
Tetris Online,0.43
PlayV,0.42000000000000004
Microids,0.42000000000000004
Jack of All Games,0.42
Electronic Arts Victor,0.42
TYO,0.42
Valcon Games,0.42
bitComposer Games,0.41000000000000003
Magical Company,0.41
MTO,0.4
NCS,0.4
ValuSoft,0.39999999999999997
P2 Games,0.39
989 Sports,0.38
Graffiti,0.37
Blast! Entertainment Ltd,0.37
Hip Interactive,0.36000000000000004
New,0.36
Rebellion Developments,0.35000000000000003
Time Warner Interactive,0.35
Performance Designed Products,0.35
Magix,0.35
ITT Family Games,0.34
DSI Games,0.33
Cave,0.33
Evolved Games,0.33
Starpath Corp.,0.33
Yacht Club Games,0.33
U.S. Gold,0.33
Benesse,0.33
Indie Games,0.32
Hackberry,0.31
Agatsuma Entertainment,0.31
CBS Electronics,0.31
CokeM Interactive,0.31
CCP,0.30000000000000004
Mad Catz,0.30000000000000004
Hamster Corporation,0.30000000000000004
Neko Entertainment,0.3
Reef Entertainment,0.3
Core Design Ltd.,0.29000000000000004
Media Factory,0.29000000000000004
Wargaming.net,0.29
Playmates,0.28
Nichibutsu,0.28
Data Design Interactive,0.28
Excalibur Publishing,0.28
Game Life,0.28
Daedalic,0.27999999999999997
CyberFront,0.27
Vic Tokai,0.27
Culture Brain,0.27
Liquid Games,0.27
Telstar,0.27
ASCII Media Works,0.27
Syscom,0.27
Pacific Century Cyber Works,0.26
Vir2L Studios,0.26
Nippon Telenet,0.26
Asgard,0.25
Axela,0.25
Paon,0.25
Yeti,0.24
Tru Blu Entertainment,0.24
Xing Entertainment,0.24
Essential Games,0.23
American Softworks,0.23
Asmik Ace Entertainment,0.23
Daito,0.22999999999999998
Quinrose,0.22
O3 Entertainment,0.22
Detn8 Games,0.22
Bomb,0.22
Vatical Entertainment,0.22
Tommo,0.21000000000000002
Mercury Games,0.21
Sears,0.21
On Demand,0.21
Funsta,0.2
Funcom,0.2
Slitherine Software,0.2
Merscom LLC,0.2
Micro Cabin,0.2
System 3,0.19
Gamecock,0.19
Alternative Software,0.19
CDV Software Entertainment,0.19
Tripwire Interactive,0.19
SSI,0.19
Happinet,0.19
DHM Interactive,0.18
Media Works,0.18
Phenomedia,0.18
Sunrise Interactive,0.17
Panther Software,0.17
Adeline Software,0.17
Asmik Corp,0.17
Xicat Interactive,0.16999999999999998
Insomniac Games,0.16999999999999998
Aques,0.16
Tivola,0.16
Gainax Network Systems,0.16
Comfort,0.15
Data East,0.15
Global A Entertainment,0.15
Kaga Create,0.15
White Park Bay Software,0.15
Game Arts,0.14
General Entertainment,0.14
Sony Music Entertainment,0.14
Imadio,0.14
EA Games,0.14
HMH Interactive,0.13
Daedalic Entertainment,0.13
SCS Software,0.13
Moss,0.13
Havas Interactive,0.13
responDESIGN,0.13
Myelin Media,0.13
DreamWorks Interactive,0.13
Milestone S.r.l,0.12000000000000001
Crytek,0.12
LSP Games,0.12
SPS,0.12
NDA Productions,0.12
FunSoft,0.12
dramatic create,0.12
Flight-Plan,0.12
T&E Soft,0.12
Gameloft,0.11
FuRyu Corporation,0.11
TOHO,0.11
TopWare Interactive,0.11
Bohemia Interactive,0.11
Pack-In-Video,0.11
PM Studios,0.11
Ascaron Entertainment GmbH,0.11
PopTop Software,0.11
10TACLE Studios,0.11
Simon & Schuster Interactive,0.11
inXile Entertainment,0.1
Enjoy Gaming ltd.,0.1
Type-Moon,0.1
Interplay Productions,0.1
Interchannel,0.1
Image Epoch,0.1
GameTek,0.1
Phantom EFX,0.1
1C Company,0.1
TGL,0.09999999999999999
Creative Core,0.09999999999999999
Revolution Software,0.09000000000000001
Athena,0.09000000000000001
Edia,0.09000000000000001
Griffin International,0.09
Tradewest,0.09
Hearty Robin,0.09
Groove Games,0.09
Origin Systems,0.09
Nippon Amuse,0.09
Arika,0.09
Dusenberry Martin Racing,0.09
Culture Publishers,0.09
MC2 Entertainment,0.08
Glams,0.08
KID,0.08
Seventh Chord,0.08
Mitsui,0.08
Milestone,0.08
Abylight,0.08
Yuke's,0.08
Flashpoint Games,0.08
Crimson Cow,0.08
Cloud Imperium Games Corporation,0.08
Iceberg Interactive,0.08
Experience Inc.,0.08
Elite,0.07
Evolution Games,0.07
Aria,0.07
Warp,0.07
Locus,0.07
Misawa,0.07
Encore,0.07
Altron,0.07
Coconuts Japan,0.07
Princess Soft,0.07
MLB.com,0.060000000000000005
Office Create,0.06
iWin,0.06
Zenrin,0.06
Yumedia,0.06
7G//AMES,0.06
Grand Prix Games,0.06
Imax,0.06
Fortyfive,0.06
Alawar Entertainment,0.06
Virtual Play Games,0.06
Focus Multimedia,0.06
Licensed 4U,0.06
Ecole,0.06
Gearbox Software,0.06
DigiCube,0.06
Sonnet,0.06
HAL Laboratory,0.06
GN Software,0.05
Devolver Digital,0.05
Vap,0.05
Team17 Software,0.05
Ertain,0.05
The Learning Company,0.05
Marvel Entertainment,0.05
Lexicon Entertainment,0.05
Mamba Games,0.05
System Soft,0.05
Sweets,0.05
MediaQuest,0.05
Max Five,0.05
Big Fish Games,0.05
Pow,0.05
Pony Canyon,0.05
Phantagram,0.05
Minato Station,0.05
Navarre Corp,0.05
TechnoSoft,0.05
WayForward Technologies,0.05
Kool Kizz,0.04
Monte Christo Multimedia,0.04
Alvion,0.04
Games Workshop,0.04
G.Rev,0.04
Aerosoft,0.04
Gakken,0.04
Ivolgamus,0.04
Yamasa Entertainment,0.04
2D Boy,0.04
Sold Out,0.04
Introversion Software,0.04
Societa,0.04
Legacy Interactive,0.04
Summitsoft,0.04
Riverhillsoft,0.04
Playmore,0.04
imageepoch Inc.,0.04
Paon Corporation,0.03
ASK,0.03
49Games,0.03
id Software,0.03
NetRevo,0.03
Number None,0.03
Fields,0.03
Easy Interactive,0.03
Fuji,0.03
Datam Polystar,0.03
Cygames,0.03
Extreme Entertainment Group,0.03
Nexon,0.03
Blue Byte,0.03
BushiRoad,0.03
HuneX,0.03
KSS,0.03
Kando Games,0.03
Kamui,0.03
Maximum Family Games,0.03
Just Flight,0.03
Stainless Games,0.03
Headup Games,0.03
Kids Station,0.03
Strategy First,0.03
Her Interactive,0.03
Kokopeli Digital Studios,0.03
Dorart,0.03
Views,0.03
Berkeley,0.03
Sunflowers,0.03
Tryfirst,0.03
Marvelous Games,0.02
GOA,0.02
Gaga,0.02
Mycom,0.02
Codemasters Online,0.02
RED Entertainment,0.02
Quintet,0.02
Phoenix Games,0.02
Plenty,0.02
New World Computing,0.02
Nitroplus,0.02
fonfun,0.02
Revolution (Japan),0.02
Warashi,0.02
Visco,0.02
Epic Games,0.02
Masque Publishing,0.02
Karin Entertainment,0.02
Graphsim Entertainment,0.02
Technos Japan Corporation,0.02
Imageworks,0.02
King Records,0.02
Mirai Shounen,0.02
Saurus,0.02
Giga,0.02
Giza10,0.02
Paradox Development,0.01
Piacci,0.01
Ongakukan,0.01
Red Flagship,0.01
Naxat Soft,0.01
Otomate,0.01
Interchannel-Holon,0.01
Media Entertainment,0.01
Michaelsoft,0.01
Lighthouse Interactive,0.01
Inti Creates,0.01
Takuyo,0.01
"Interworks Unlimited, Inc.",0.01
Genterprise,0.01
EON Digital Entertainment,0.01
UIG Entertainment,0.01
Commseed,0.01
Ascaron Entertainment,0.01
Boost On,0.01
