Name,Platform,Genre,Publisher,Global_Sales
Wii Sports,Wii,Sports,Nintendo,82.53
Super Mario Bros.,NES,Platform,Nintendo,40.24
Mario Kart Wii,Wii,Racing,Nintendo,35.52
Wii Sports Resort,Wii,Sports,Nintendo,32.77
Pokemon Red/Pokemon Blue,GB,Role-Playing,Nintendo,31.37
Tetris,GB,Puzzle,Nintendo,30.26
New Super Mario Bros.,DS,Platform,Nintendo,29.8
Wii Play,Wii,Misc,Nintendo,28.92
New Super Mario Bros. Wii,Wii,Platform,Nintendo,28.32
Duck Hunt,NES,Shooter,Nintendo,28.31
Nintendogs,DS,Simulation,Nintendo,24.67
Mario Kart DS,DS,Racing,Nintendo,23.21
Pokemon Gold/Pokemon Silver,GB,Role-Playing,Nintendo,23.1
Wii Fit,Wii,Sports,Nintendo,22.7
Kinect Adventures!,X360,Misc,Microsoft Game Studios,21.81
Wii Fit Plus,Wii,Sports,Nintendo,21.79
Grand Theft Auto V,PS3,Action,Take-Two Interactive,21.04
Grand Theft Auto: San Andreas,PS2,Action,Take-Two Interactive,20.81
Super Mario World,SNES,Platform,Nintendo,20.61
Brain Age: Train Your Brain in Minutes a Day,DS,Misc,Nintendo,20.15
