genre,movie_count,average_rating,average_vote_count,total_budget,total_revenue,average_revenue,average_runtime
Drama,2297,6.39,532.28,47498112157,119710983984,52116231.6,113.31
Comedy,1722,5.95,525.18,43589711809,122760517608,71289499.19,100.03
Thriller,1274,6.01,772.85,40727495424,103250426269,81044290.64,107.54
Action,1154,5.99,1135.81,59443406599,162959914515,141213097.5,110.54
Romance,894,6.21,454.5,18158357743,53642137545,60002390.99,109.38
Adventure,790,6.16,1430.67,52398220463,164841561551,208660204.49,111.33
Crime,696,6.27,752.6,19383466474,46040860686,66150661.91,109.67
Science Fiction,535,6.01,1425.59,27748069865,81564235745,152456515.41,107.48
Horror,519,5.63,495.21,7563921991,22599894663,43545076.42,95.95
Family,513,6.03,902.29,26019109625,83283238689,162345494.52,97.3
Fantasy,424,6.1,1323.98,26949696595,81982199925,193354245.11,107.28
Mystery,348,6.18,799.15,10699081450,27248722761,78300927.47,109.59
Animation,234,6.34,1246.17,15553021056,52812167865,225693025.06,89.92
History,197,6.72,486.79,5890982931,11332141732,57523562.09,135.99
Music,185,6.36,300.5,2942970295,8964351078,48455951.77,109.92
War,144,6.71,756.65,5080673879,12118445911,84155874.38,131.83
Documentary,110,6.24,70.59,291861725,1082277678,9838887.98,93.82
Western,82,6.18,607.85,2220453601,3792169111,46245964.77,117.35
Foreign,34,6.35,10.76,22375007,12398151,364651.5,110.62
No Genre,28,2.34,1.36,3700001,1672730,59740.36,50.39
TV Movie,8,5.66,209.75,9200000,0,0.0,85.62
