release_year,movie_count,average_rating,total_revenue
1916.0,1,7.4,8394751
1925.0,1,7.0,22000000
1927.0,1,8.0,650422
1929.0,2,6.3,4358000
1930.0,1,6.1,8000000
1932.0,1,6.2,25
1933.0,2,5.6,4481000
1934.0,1,7.7,4500000
1935.0,1,7.4,3202000
1936.0,2,7.45,11236000
1937.0,2,7.65,184925486
1938.0,2,6.0,11433101
1939.0,3,7.67,443531426
1940.0,5,6.94,182792000
1941.0,1,6.8,6000000
1942.0,2,7.35,277909650
1944.0,2,6.5,12255000
1945.0,4,6.68,27132000
1946.0,3,7.27,53694124
1947.0,3,6.87,7800000
1948.0,3,6.97,11968000
1949.0,2,6.65,13200000
1950.0,1,7.3,8000000
1951.0,3,7.17,49000000
1952.0,4,7.22,51200000
1953.0,4,6.75,80000000
1954.0,4,7.25,53071841
1955.0,2,7.35,7000000
1956.0,3,6.27,33800000
1957.0,2,7.95,34300000
1958.0,1,7.6,17570324
1959.0,3,6.93,50000000
1960.0,3,7.87,67400000
1961.0,5,7.26,74456822
1962.0,7,7.0,210075231
1963.0,8,6.79,285843236
1964.0,10,7.22,347014460
1965.0,8,6.9,554756513
1966.0,6,6.73,59350000
1967.0,4,6.82,127792338
1968.0,10,6.86,187554477
1969.0,10,6.6,314385854
1970.0,12,6.65,248016789
1971.0,10,6.64,296241798
1972.0,9,7.03,291382701
1973.0,9,7.0,959589632
1974.0,8,7.15,386167174
1975.0,6,7.3,654497570
1976.0,9,7.1,298333870
1977.0,16,6.54,1460158920
1978.0,14,6.63,959516811
1979.0,16,6.48,989752891
1980.0,22,6.61,1290982451
1981.0,33,6.36,1314928566
1982.0,24,6.4,1852238694
1983.0,23,6.05,1573451743
1984.0,28,6.51,1753708180
1985.0,28,6.49,1498825345
1986.0,26,6.17,1501892986
1987.0,31,6.29,1557331169
1988.0,31,6.32,1933137768
1989.0,32,6.49,2686871601
1990.0,29,6.32,3863771854
1991.0,30,6.18,2664107492
1992.0,34,6.56,3756905404
1993.0,47,6.47,3881952707
1994.0,55,6.32,5928752504
1995.0,70,6.33,6207143123
1996.0,97,6.13,6808007511
1997.0,112,6.25,9634746300
1998.0,133,6.21,8223101034
1999.0,171,6.11,10332740909
2000.0,166,5.96,10952218337
2001.0,183,6.05,13269869789
2002.0,203,6.1,14609857556
2003.0,169,6.01,14213319458
2004.0,204,6.1,16278686567
2005.0,217,6.07,14931589218
2006.0,237,6.13,16635892750
2007.0,195,6.09,16491621655
2008.0,227,6.1,18146479803
2009.0,247,6.07,21072651506
2010.0,225,5.97,20348574768
2011.0,223,6.01,20516921160
2012.0,208,5.91,24141710246
2013.0,231,6.09,23411493295
2014.0,238,5.58,24120490589
2015.0,216,5.59,22775024221
2016.0,104,5.83,14461156948
2017.0,1,7.4,0
