id,title,release_year,vote_average,vote_count,weighted_rating,revenue,runtime
278,The Shawshank Redemption,1994.0,8.5,8205,8.24,28341469,142.0
550,Fight Club,1999.0,8.3,9413,8.09,100853753,139.0
680,Pulp Fiction,1994.0,8.3,8428,8.07,213928762,154.0
238,The Godfather,1972.0,8.4,5893,8.07,245066411,175.0
155,The Dark Knight,2008.0,8.2,12002,8.04,1004558444,152.0
27205,Inception,2010.0,8.1,13752,7.96,825532764,148.0
13,Forrest Gump,1994.0,8.2,7927,7.96,677945399,142.0
157336,Interstellar,2014.0,8.1,10867,7.93,675120017,169.0
1891,The Empire Strikes Back,1980.0,8.2,5879,7.89,538400000,124.0
424,Schindler's List,1993.0,8.3,4329,7.89,321365567,195.0
