id,title,release_year,budget,revenue,profit,vote_average,vote_count
19995,Avatar,2009.0,237000000,2787965087,2550965087,7.2,11800
597,Titanic,1997.0,200000000,1845034188,1645034188,7.5,7562
24428,The Avengers,2012.0,220000000,1519557910,1299557910,7.4,11776
135397,Jurassic World,2015.0,150000000,1513528810,1363528810,6.5,8662
168259,Furious 7,2015.0,190000000,1506249360,1316249360,7.3,4176
99861,Avengers: Age of Ultron,2015.0,280000000,1405403694,1125403694,7.3,6767
109445,Frozen,2013.0,150000000,1274219009,1124219009,7.3,5295
68721,Iron Man 3,2013.0,200000000,1215439994,1015439994,6.8,8806
211672,Minions,2015.0,74000000,1156730962,1082730962,6.4,4571
271110,Captain America: Civil War,2016.0,250000000,1153304495,903304495,7.1,7241
