release_year,movie_count,total_revenue,average_revenue,average_rating,average_vote_count,average_budget
1916.0,1,8394751,8394751.0,7.4,60.0,385907.0
1925.0,1,22000000,22000000.0,7.0,21.0,245000.0
1927.0,1,650422,650422.0,8.0,657.0,92620000.0
1929.0,2,4358000,2179000.0,6.3,32.0,189500.0
1930.0,1,8000000,8000000.0,6.1,19.0,3950000.0
1932.0,1,25,25.0,6.2,28.0,4.0
1933.0,2,4481000,2240500.0,5.6,32.0,319500.0
1934.0,1,4500000,4500000.0,7.7,275.0,325000.0
1935.0,1,3202000,3202000.0,7.4,59.0,609000.0
1936.0,2,11236000,5618000.0,7.45,437.0,600000.5
1937.0,2,184925486,92462743.0,7.65,962.5,744211.5
1938.0,2,11433101,5716550.5,6.0,42.5,1822368.0
1939.0,3,443531426,147843808.67,7.67,951.0,2759000.0
1940.0,5,182792000,36558400.0,6.94,503.0,1633600.0
1941.0,1,6000000,6000000.0,6.8,72.0,1250000.0
1942.0,2,277909650,138954825.0,7.35,1413.5,868000.0
1944.0,2,12255000,6127500.0,6.5,6.0,2494000.0
1945.0,4,27132000,6783000.0,6.68,73.75,1227500.0
1946.0,3,53694124,17898041.33,7.27,418.67,3760000.0
1947.0,3,7800000,2600000.0,6.87,51.0,1433333.33
1948.0,3,11968000,3989333.33,6.97,33.67,2233333.33
1949.0,2,13200000,6600000.0,6.65,47.0,1300000.0
1950.0,1,8000000,8000000.0,7.3,22.0,3768785.0
1951.0,3,49000000,16333333.33,7.17,120.67,4116666.67
1952.0,4,51200000,12800000.0,7.22,282.0,1817700.0
1953.0,4,80000000,20000000.0,6.75,73.75,1802500.0
1954.0,4,53071841,13267960.25,7.25,350.75,3227500.0
1955.0,2,7000000,3500000.0,7.35,107.0,600000.0
1956.0,3,33800000,11266666.67,6.27,44.0,3166666.67
1957.0,2,34300000,17150000.0,7.95,1310.0,1675000.0
1958.0,1,17570324,17570324.0,7.6,165.0,3000000.0
1959.0,3,50000000,16666666.67,6.93,287.33,3794616.0
1960.0,3,67400000,22466666.67,7.87,948.0,2268982.67
1961.0,5,74456822,14891364.4,7.26,176.2,3580000.0
1962.0,7,210075231,30010747.29,7.0,482.0,4744571.43
1963.0,8,285843236,35730404.5,6.79,241.75,8712625.0
1964.0,10,347014460,34701446.0,7.22,514.2,5298000.0
1965.0,8,554756513,69344564.12,6.9,264.38,6100000.0
1966.0,6,59350000,9891666.67,6.73,463.67,2162966.67
1967.0,4,127792338,31948084.5,6.82,180.0,3875000.0
1968.0,10,187554477,18755447.7,6.86,607.6,4201900.0
1969.0,10,314385854,31438585.4,6.6,186.2,5444408.7
1970.0,12,248016789,20668065.75,6.65,105.33,8570162.17
1971.0,10,296241798,29624179.8,6.64,255.9,3217700.0
1972.0,9,291382701,32375855.67,7.03,809.0,1579111.11
1973.0,9,959589632,106621070.22,7.0,509.67,3957309.22
1974.0,8,386167174,48270896.75,7.15,798.75,3885625.0
1975.0,6,654497570,109082928.33,7.3,1322.5,4450000.0
1976.0,9,298333870,33148207.78,7.1,640.33,6100000.0
1977.0,16,1460158920,91259932.5,6.54,663.31,8344375.0
1978.0,14,959516811,68536915.07,6.63,426.0,9142857.93
1979.0,16,989752891,61859555.69,6.48,632.69,12803125.0
1980.0,22,1290982451,58681020.5,6.61,732.68,12868181.82
1981.0,33,1314928566,39846320.18,6.36,309.76,11284848.48
1982.0,24,1852238694,77176612.25,6.4,619.21,10416666.67
1983.0,23,1573451743,68410945.35,6.05,565.48,15041391.3
1984.0,28,1753708180,62632435.0,6.51,675.43,14605357.14
1985.0,28,1498825345,53529476.61,6.49,488.25,12563054.39
1986.0,26,1501892986,57765114.85,6.17,475.62,12930769.23
1987.0,31,1557331169,50236489.32,6.29,422.26,12125806.45
1988.0,31,1933137768,62359282.84,6.32,492.03,10432258.06
1989.0,32,2686871601,83964737.53,6.49,609.16,17508125.0
1990.0,29,3863771854,133233512.21,6.32,942.48,25490517.24
1991.0,30,2664107492,88803583.07,6.18,588.8,24100000.0
1992.0,34,3756905404,110497217.76,6.56,707.76,24665457.21
1993.0,47,3881952707,82594738.45,6.47,534.6,18636170.21
1994.0,55,5928752504,107795500.07,6.32,949.62,25640490.91
1995.0,70,6207143123,88673473.19,6.33,655.51,30233571.54
1996.0,97,6808007511,70185644.44,6.13,370.54,29248371.66
1997.0,112,9634746300,86024520.54,6.25,579.79,34443454.94
1998.0,133,8223101034,61827827.32,6.21,457.96,29326618.43
1999.0,171,10332740909,60425385.43,6.11,481.87,29277343.12
2000.0,166,10952218337,65977218.9,5.96,461.05,32850602.59
2001.0,183,13269869789,72512949.67,6.05,593.72,30349816.53
2002.0,203,14609857556,71969741.66,6.1,513.82,28886434.33
2003.0,169,14213319458,84102482.0,6.01,616.63,31561764.0
2004.0,204,16278686567,79797483.17,6.1,637.4,31494106.62
2005.0,217,14931589218,68809166.9,6.07,484.02,29256149.88
2006.0,237,16635892750,70193640.3,6.13,543.21,28010675.01
2007.0,195,16491621655,84572418.74,6.09,623.62,30731525.76
2008.0,227,18146479803,79940439.66,6.1,659.05,31519599.56
2009.0,247,21072651506,85314378.57,6.07,676.81,30949258.15
2010.0,225,20348574768,90438110.08,5.97,792.11,34495410.94
2011.0,223,20516921160,92004130.76,6.01,783.99,34772320.34
2012.0,208,24141710246,116065914.64,5.91,1105.67,34922031.99
2013.0,231,23411493295,101348455.82,6.09,1135.94,35523293.65
2014.0,238,24120490589,101346599.11,5.58,1046.16,30959887.86
2015.0,216,22775024221,105439926.95,5.59,973.97,31132163.74
2016.0,104,14461156948,139049586.04,5.83,1146.38,45703269.23
2017.0,1,0,0.0,7.4,7.0,0.0
